{
  "project_info": {
    "project_number": "330326250679",
    "project_id": "cropdoc-8659b",
    "storage_bucket": "cropdoc-8659b.appspot.com"
  },
  "client": [
    {
      "client_info": {
        "mobilesdk_app_id": "1:330326250679:android:25d069f45a15f8b6586932",
        "android_client_info": {
          "package_name": "com.example.cropdoc"
        }
      },
      "oauth_client": [],
      "api_key": [
        {
          "current_key": "AIzaSyCMLj7SbNxMASpmIaCe9Lwg2QaCQo8DeAc"
        }
      ],
      "services": {
        "appinvite_service": {
          "other_platform_oauth_client": []
        }
      }
    }
  ],
  "configuration_version": "1"
}